ticker,rank,asof,variant,score,pct_rank,quintile,target_weight_new_tranche,last_adj_close,adv20_dollars,drivers
GDDY,1,2026-07-31,beta_hedged,0.5673846183227581,1.0,5,0.005,82.73999786376953,150385045.0,vol_63d(+0.027) | atr_pct(+0.018) | vol_10d(+0.008)
SMCI,2,2026-07-31,beta_hedged,0.5653949603235717,0.9949494949494949,5,0.005,28.399999618530273,1201626900.0,vol_63d(+0.026) | atr_pct(+0.021) | vol_10d(+0.016)
AMAT,3,2026-07-31,beta_hedged,0.5624067753865076,0.98989898989899,5,0.005,507.6700134277344,4865093703.0,vol_63d(+0.021) | atr_pct(+0.020) | vol_10d(+0.016)
AMD,4,2026-07-31,beta_hedged,0.5587108112660633,0.9848484848484849,5,0.005,476.1499938964844,14321128167.0,atr_pct(+0.023) | vol_63d(+0.020) | vol_10d(+0.016)
STX,5,2026-07-31,beta_hedged,0.5541294330123537,0.9797979797979798,5,0.005,856.1300048828125,4554310456.0,vol_63d(+0.022) | vol_10d(+0.016) | atr_pct(+0.011)
MU,6,2026-07-31,beta_hedged,0.5501906982671579,0.9747474747474747,5,0.005,823.030029296875,42545396490.0,vol_63d(+0.021) | vol_10d(+0.017) | atr_pct(+0.013)
TSLA,7,2026-07-31,beta_hedged,0.5461195880363755,0.9696969696969697,5,0.005,311.2099914550781,15488054865.0,vol_63d(+0.019) | vol_10d(+0.012) | vol_63d_rank(+0.005)
LRCX,8,2026-07-31,beta_hedged,0.5461082806630017,0.9646464646464646,5,0.005,293.0199890136719,3822660854.0,vol_63d(+0.023) | atr_pct(+0.015) | vol_10d(+0.013)
CIEN,9,2026-07-31,beta_hedged,0.5447846645238538,0.9595959595959596,5,0.005,377.04998779296875,794311528.0,vol_63d(+0.018) | vol_10d(+0.013) | atr_pct(+0.012)
CHRW,10,2026-07-31,beta_hedged,0.5443854083180778,0.9545454545454546,5,0.005,147.72999572753906,407944203.0,vol_63d(+0.019) | vol_10d(+0.012) | ret_5d(+0.005)
COHR,11,2026-07-31,beta_hedged,0.5314462792830882,0.9494949494949495,5,0.005,262.8900146484375,1362973566.0,atr_pct(+0.022) | vol_63d(+0.021) | vol_10d(+0.010)
TTD,12,2026-07-31,beta_hedged,0.5311481803933598,0.9444444444444444,5,0.005,18.040000915527344,248269799.0,vol_63d(+0.020) | vol_21d(-0.006) | vol_63d_rank(+0.006)
AKAM,13,2026-07-31,beta_hedged,0.530597694817082,0.9393939393939394,5,0.005,115.18000030517578,421721098.0,vol_63d(+0.018) | mkt_dispersion(+0.005) | ret_63d_rank(+0.005)
IT,14,2026-07-31,beta_hedged,0.5296479332888712,0.9343434343434344,5,0.005,151.02000427246094,180560081.0,vol_63d(+0.017) | vol_63d_rank(+0.008) | amihud(+0.006)
BBY,15,2026-07-31,beta_hedged,0.5281175051470095,0.9292929292929293,5,0.005,86.26000213623047,281833396.0,close_vs_sma50(+0.007) | vol_63d(+0.005) | ret_63d(+0.005)
WDAY,16,2026-07-31,beta_hedged,0.5241743297380358,0.9242424242424242,5,0.005,160.33999633789062,687317159.0,ret_5d(-0.018) | vol_63d(+0.014) | atr_pct(+0.013)
VRT,17,2026-07-31,beta_hedged,0.5240763144367059,0.9191919191919192,5,0.005,241.57000732421875,1617592879.0,vol_63d(+0.016) | atr_pct(+0.015) | vol_10d(+0.011)
PODD,18,2026-07-31,beta_hedged,0.5208405357211215,0.9141414141414141,5,0.005,165.35000610351562,208011016.0,vol_63d(+0.007) | vol_63d_rank(+0.006) | amihud(+0.005)
TECH,19,2026-07-31,beta_hedged,0.5205974391075121,0.9090909090909091,5,0.005,72.08999633789062,308119327.0,vol_63d(+0.015) | mkt_breadth(-0.004) | ret_63d_rank(-0.004)
GEV,20,2026-07-31,beta_hedged,0.520314216832451,0.9040404040404041,5,0.005,990.2899780273438,3091038383.0,vol_63d(+0.017) | vol_10d(+0.010) | mkt_breadth(-0.008)
NTAP,21,2026-07-31,beta_hedged,0.5202846265453991,0.898989898989899,5,0.005,178.5,442509175.0,vol_63d(+0.017) | ret_63d_rank(-0.007) | close_vs_sma50(+0.007)
DASH,22,2026-07-31,beta_hedged,0.5199174090685736,0.8939393939393939,5,0.005,196.16000366210938,702079062.0,ret_5d(-0.011) | vol_63d(+0.011) | vol_10d(+0.006)
FTNT,23,2026-07-31,beta_hedged,0.519378649882872,0.8888888888888888,5,0.005,161.9499969482422,846312798.0,vol_63d(+0.016) | ret_63d_rank(-0.008) | close_vs_sma200(+0.008)
EXPE,24,2026-07-31,beta_hedged,0.5188857213200894,0.8838383838383839,5,0.005,294.739990234375,388257708.0,vol_63d(+0.009) | ret_5d(-0.008) | close_vs_sma200(+0.006)
TER,25,2026-07-31,beta_hedged,0.5187713611089267,0.8787878787878788,5,0.005,367.69000244140625,1391912610.0,atr_pct(+0.019) | vol_63d(+0.014) | vol_10d(+0.009)
CRL,26,2026-07-31,beta_hedged,0.5186225923861988,0.8737373737373737,5,0.005,232.50999450683594,195737154.0,vol_63d(+0.011) | close_vs_sma50(+0.006) | vol_63d_rank(+0.005)
NXPI,27,2026-07-31,beta_hedged,0.5179332997790629,0.8686868686868687,5,0.005,229.16000366210938,1133571568.0,vol_63d(+0.018) | vol_63d_rank(+0.005) | mkt_dispersion(+0.005)
A,28,2026-07-31,beta_hedged,0.5175593741922849,0.8636363636363636,5,0.005,138.3699951171875,296849204.0,vol_63d_rank(+0.006) | ret_63d(+0.005) | vol_63d(+0.004)
ANET,29,2026-07-31,beta_hedged,0.5158867464147474,0.8585858585858586,5,0.005,180.35000610351562,1300616773.0,vol_63d(+0.013) | vol_10d(+0.007) | ret_1d(-0.005)
WAT,30,2026-07-31,beta_hedged,0.5156821914007835,0.8535353535353535,5,0.005,377.30999755859375,304637143.0,vol_63d_rank(+0.006) | ret_63d(+0.004) | vol_63d(+0.004)
TGT,31,2026-07-31,beta_hedged,0.5151548678933983,0.8484848484848485,5,0.005,144.49000549316406,504628878.0,vol_63d(-0.006) | close_vs_sma200(+0.006) | vol_63d_rank(+0.004)
ADI,32,2026-07-31,beta_hedged,0.5151512638548281,0.8434343434343434,5,0.005,367.4100036621094,1530357382.0,vol_63d(+0.008) | ret_10d(+0.004) | vol_63d_rank(+0.004)
KLAC,33,2026-07-31,beta_hedged,0.5149580387388873,0.8383838383838383,5,0.005,182.82000732421875,2775878045.0,vol_63d(+0.020) | atr_pct(+0.015) | mkt_breadth(-0.010)
ALB,34,2026-07-31,beta_hedged,0.5143239108785427,0.8333333333333334,5,0.005,117.63999938964844,246413350.0,ret_63d(-0.008) | vol_63d(+0.006) | vol_63d_rank(+0.004)
NOW,35,2026-07-31,beta_hedged,0.5140904500889137,0.8282828282828283,5,0.005,111.2300033569336,2550763631.0,ret_5d(-0.019) | vol_63d(+0.011) | vol_10d(+0.009)
CRWD,36,2026-07-31,beta_hedged,0.5138625114005532,0.8232323232323232,5,0.005,190.86000061035156,1654322291.0,vol_63d(+0.019) | mkt_breadth(-0.005) | ret_63d(-0.003)
ROST,37,2026-07-31,beta_hedged,0.5137881327153345,0.8181818181818182,5,0.005,251.07000732421875,537864155.0,close_vs_sma50(+0.008) | vol_63d(-0.007) | close_vs_sma200(+0.006)
PANW,38,2026-07-31,beta_hedged,0.5134856980904278,0.8131313131313131,5,0.005,331.8299865722656,2263860039.0,vol_63d(+0.018) | ret_63d_rank(-0.009) | vol_63d_rank(+0.007)
CMI,39,2026-07-31,beta_hedged,0.5134199401421121,0.8080808080808081,5,0.005,634.2000122070312,583704459.0,vol_63d(+0.008) | vol_21d(-0.005) | ret_10d(+0.003)
EL,40,2026-07-31,beta_hedged,0.5125700050902808,0.803030303030303,5,0.005,83.9000015258789,183537515.0,vol_63d_rank(+0.005) | vol_63d(+0.005) | close_vs_sma200(-0.003)
GLW,41,2026-07-31,beta_hedged,0.5125435134196622,0.797979797979798,4,0.0,138.25,2208532865.0,vol_63d(+0.022) | atr_pct(+0.014) | mkt_breadth(-0.010)
ZBRA,42,2026-07-31,beta_hedged,0.5123158112889574,0.7929292929292929,4,0.0,293.82000732421875,193911759.0,vol_63d(+0.012) | ret_5d(-0.007) | close_vs_sma50(+0.006)
MCHP,43,2026-07-31,beta_hedged,0.5116639399894282,0.7878787878787878,4,0.0,74.29000091552734,876611812.0,vol_63d(+0.018) | vol_63d_rank(+0.005) | mkt_dispersion(+0.005)
FCX,44,2026-07-31,beta_hedged,0.5112813040451504,0.7828282828282829,4,0.0,62.630001068115234,936503842.0,vol_63d(+0.015) | vol_63d_rank(+0.006) | vol_21d(-0.005)
TXN,45,2026-07-31,beta_hedged,0.5109754637515714,0.7777777777777778,4,0.0,275.739990234375,2296805658.0,vol_63d(+0.010) | mkt_dispersion(+0.005) | vol_21d(-0.004)
CARR,46,2026-07-31,beta_hedged,0.5109101701170635,0.7727272727272727,4,0.0,61.810001373291016,466890387.0,vol_63d(+0.007) | vol_21d(-0.006) | mkt_dispersion(+0.003)
CDW,47,2026-07-31,beta_hedged,0.510818599463727,0.7676767676767676,4,0.0,147.80999755859375,250686510.0,vol_63d(+0.014) | ret_5d(-0.006) | vol_21d(-0.005)
CSCO,48,2026-07-31,beta_hedged,0.5107209408896854,0.7626262626262627,4,0.0,115.98999786376953,2383133063.0,vol_63d(+0.007) | ret_63d(+0.005) | vol_21d(-0.004)
GNRC,49,2026-07-31,beta_hedged,0.5105612204517253,0.7575757575757576,4,0.0,197.11000061035156,239409057.0,vol_63d(+0.015) | vol_21d(-0.006) | ret_21d(-0.004)
STLD,50,2026-07-31,beta_hedged,0.5103986273844944,0.7525252525252525,4,0.0,251.25999450683594,283121603.0,close_vs_sma200(+0.006) | vol_63d_rank(+0.006) | vol_63d(-0.005)
GPC,51,2026-07-31,beta_hedged,0.5100691125233827,0.7474747474747475,4,0.0,124.37000274658203,265647288.0,vol_63d_rank(+0.006) | vol_21d(-0.005) | close_vs_sma50(+0.005)
RVTY,52,2026-07-31,beta_hedged,0.5096672202136375,0.7424242424242424,4,0.0,112.5199966430664,146477490.0,vol_63d_rank(+0.007) | vol_63d(-0.004) | ret_63d_rank(-0.004)
FSLR,53,2026-07-31,beta_hedged,0.5092832533906299,0.7373737373737373,4,0.0,211.02999877929688,389292136.0,vol_63d(+0.013) | vol_63d_rank(+0.005) | mkt_dispersion(+0.005)
POOL,54,2026-07-31,beta_hedged,0.5092641334800836,0.7323232323232324,4,0.0,185.7100067138672,186485936.0,vol_63d(+0.008) | vol_21d(-0.008) | ret_10d(+0.003)
DHI,55,2026-07-31,beta_hedged,0.5086059068680752,0.7272727272727273,4,0.0,143.05999755859375,396718756.0,vol_63d(-0.006) | vol_63d_rank(+0.004) | vol_21d(+0.003)
ROK,56,2026-07-31,beta_hedged,0.5085789017961685,0.7222222222222222,4,0.0,480.0799865722656,329596974.0,vol_63d(-0.006) | close_vs_sma200(+0.006) | vol_63d_rank(+0.004)
ALGN,57,2026-07-31,beta_hedged,0.5076720894552252,0.7171717171717171,4,0.0,169.16000366210938,177051412.0,vol_63d(+0.009) | vol_21d(-0.007) | bb_position(+0.003)
VMC,58,2026-07-31,beta_hedged,0.5069250786763756,0.7121212121212122,4,0.0,268.57000732421875,291502650.0,vol_63d(-0.007) | ret_21d_rank(+0.003) | vol_21d(+0.003)
MAS,59,2026-07-31,beta_hedged,0.5062740866797392,0.7070707070707071,4,0.0,71.4800033569336,209560200.0,vol_21d(-0.007) | vol_63d(+0.005) | vol_10d(+0.005)
WSM,60,2026-07-31,beta_hedged,0.5061429861413809,0.702020202020202,4,0.0,228.66000366210938,198782792.0,vol_63d(-0.007) | vol_63d_rank(+0.005) | ret_63d_rank(-0.003)
DXCM,61,2026-07-31,beta_hedged,0.5056002569019,0.696969696969697,4,0.0,83.44999694824219,325974756.0,vol_63d(+0.010) | ret_5d(-0.009) | ret_21d_rank(-0.006)
ON,62,2026-07-31,beta_hedged,0.5051457388943575,0.6919191919191919,4,0.0,81.61000061035156,877834534.0,vol_63d(+0.009) | atr_pct(+0.008) | mkt_breadth(-0.008)
CF,63,2026-07-31,beta_hedged,0.504265068834118,0.6868686868686869,4,0.0,125.19000244140625,277710427.0,vol_21d(-0.006) | close_vs_sma200(+0.006) | close_vs_sma50(+0.005)
COR,64,2026-07-31,beta_hedged,0.5040640142660554,0.6818181818181818,4,0.0,311.3399963378906,414292554.0,vol_63d_rank(+0.005) | close_vs_sma200(-0.004) | vol_63d(+0.004)
EMR,65,2026-07-31,beta_hedged,0.503902811328548,0.6767676767676768,4,0.0,149.82000732421875,356725520.0,vol_63d(-0.006) | vol_63d_rank(+0.006) | vol_21d(+0.003)
WST,66,2026-07-31,beta_hedged,0.5037687232237074,0.6717171717171717,4,0.0,340.9599914550781,304299402.0,vol_63d(-0.007) | vol_63d_rank(+0.006) | close_vs_sma200(+0.004)
AVGO,67,2026-07-31,beta_hedged,0.5035169786643456,0.6666666666666666,4,0.0,389.2799987792969,7981965684.0,vol_63d(+0.016) | vol_63d_rank(+0.006) | vol_21d(-0.006)
ISRG,68,2026-07-31,beta_hedged,0.5033594981515186,0.6616161616161617,4,0.0,353.3299865722656,1511719915.0,vol_63d(+0.005) | mkt_dispersion(+0.004) | vol_21d_rank(-0.003)
PWR,69,2026-07-31,beta_hedged,0.5032555824892094,0.6565656565656566,4,0.0,667.3599853515625,712597769.0,vol_63d(+0.011) | vol_10d(+0.008) | mkt_breadth(-0.007)
NVDA,70,2026-07-31,beta_hedged,0.5031474127940457,0.6515151515151515,4,0.0,200.75,26018259661.0,vol_21d(-0.006) | vol_63d(+0.005) | vol_63d_rank(+0.003)
EOG,71,2026-07-31,beta_hedged,0.5030749307710675,0.6464646464646465,4,0.0,148.69000244140625,404254588.0,vol_63d(-0.008) | close_vs_sma200(+0.006) | ret_21d_rank(-0.002)
DECK,72,2026-07-31,beta_hedged,0.502492958144431,0.6414141414141414,4,0.0,96.87999725341797,236651164.0,vol_21d(-0.008) | vol_63d(+0.005) | vol_63d_rank(+0.003)
TT,73,2026-07-31,beta_hedged,0.5024521153389747,0.6363636363636364,4,0.0,454.95001220703125,570571725.0,vol_63d(-0.007) | vol_63d_rank(+0.005) | vol_21d(+0.002)
LULU,74,2026-07-31,beta_hedged,0.5021859644580191,0.6313131313131313,4,0.0,118.87000274658203,295329276.0,vol_63d_rank(+0.006) | vol_63d(-0.005) | vol_21d(+0.002)
QCOM,75,2026-07-31,beta_hedged,0.5018653911601291,0.6262626262626263,4,0.0,147.61000061035156,2352838311.0,vol_63d(+0.010) | mkt_breadth(-0.004) | mkt_dispersion(+0.004)
HAL,76,2026-07-31,beta_hedged,0.5015921453809774,0.6212121212121212,4,0.0,32.25,402672366.0,vol_63d(-0.008) | vol_63d_rank(+0.004) | sharpe_mom_63(+0.003)
JCI,77,2026-07-31,beta_hedged,0.501577192176852,0.6161616161616161,4,0.0,146.66000366210938,509074712.0,vol_63d(-0.006) | vol_63d_rank(+0.005) | vol_21d(+0.002)
EFX,78,2026-07-31,beta_hedged,0.5015200618919075,0.6111111111111112,4,0.0,172.6199951171875,330682170.0,vol_63d(+0.007) | vol_21d(-0.007) | vol_63d_rank(+0.003)
INCY,79,2026-07-31,beta_hedged,0.5011975600194066,0.6060606060606061,4,0.0,119.5199966430664,232457550.0,vol_63d(-0.006) | vol_21d(-0.006) | close_vs_sma200(+0.005)
BDX,80,2026-07-31,beta_hedged,0.5007807212646164,0.601010101010101,4,0.0,165.6199951171875,269809702.0,vol_63d(-0.008) | close_vs_sma50(+0.004) | close_vs_sma200(-0.001)
EBAY,81,2026-07-31,beta_hedged,0.5007486302654419,0.5959595959595959,3,0.0,114.01000213623047,372680350.0,vol_63d(-0.009) | close_vs_sma200(+0.005) | vol_63d_rank(-0.004)
MNST,82,2026-07-31,beta_hedged,0.5005589045362018,0.5909090909090909,3,0.0,96.37999725341797,552303354.0,vol_63d(-0.007) | close_vs_sma200(+0.005) | ret_63d_rank(-0.003)
CLX,83,2026-07-31,beta_hedged,0.5002985596328419,0.5858585858585859,3,0.0,95.52999877929688,221681605.0,vol_63d_rank(+0.006) | vol_63d(-0.005) | close_vs_sma200(-0.004)
BKNG,84,2026-07-31,beta_hedged,0.4999442259412293,0.5808080808080808,3,0.0,192.89999389648438,1136624409.0,vol_21d(-0.006) | vol_63d(-0.006) | vol_63d_rank(+0.005)
NKE,85,2026-07-31,beta_hedged,0.49981199628566414,0.5757575757575758,3,0.0,41.709999084472656,792585976.0,vol_63d(-0.008) | vol_63d_rank(+0.005) | close_vs_sma200(-0.003)
LLY,86,2026-07-31,beta_hedged,0.4997470121051828,0.5707070707070707,3,0.0,1148.8399658203125,2779415075.0,vol_63d(-0.008) | ret_63d_rank(-0.003) | vol_63d_rank(+0.003)
TPR,87,2026-07-31,beta_hedged,0.49937498089217724,0.5656565656565656,3,0.0,152.3699951171875,315103260.0,vol_63d_rank(+0.004) | ret_63d(-0.003) | vol_21d(-0.003)
EPAM,88,2026-07-31,beta_hedged,0.4993198471840434,0.5606060606060606,3,0.0,105.55999755859375,144221026.0,vol_63d(+0.018) | ret_5d(-0.010) | vol_63d_rank(+0.006)
TEL,89,2026-07-31,beta_hedged,0.4986727825208515,0.5555555555555556,3,0.0,205.69000244140625,553534641.0,vol_63d(-0.007) | vol_63d_rank(+0.005) | close_vs_sma200(-0.004)
LOW,90,2026-07-31,beta_hedged,0.4984943440644041,0.5505050505050505,3,0.0,207.80999755859375,647584161.0,vol_63d(-0.009) | ret_21d_rank(+0.002) | vol_21d(+0.002)
ODFL,91,2026-07-31,beta_hedged,0.4984625629157882,0.5454545454545454,3,0.0,212.13999938964844,373167615.0,vol_63d(-0.007) | vol_63d_rank(+0.005) | vol_21d(-0.002)
IDXX,92,2026-07-31,beta_hedged,0.49788989079110796,0.5404040404040404,3,0.0,559.0700073242188,373390135.0,vol_63d(-0.006) | vol_63d_rank(+0.004) | close_vs_sma200(-0.002)
BIIB,93,2026-07-31,beta_hedged,0.4977582491576384,0.5353535353535354,3,0.0,202.9499969482422,297943874.0,vol_21d(-0.007) | vol_63d_rank(+0.004) | vol_63d(-0.002)
DD,94,2026-07-31,beta_hedged,0.49765378794294834,0.5303030303030303,3,0.0,137.0,168860855.0,vol_63d(-0.007) | vol_63d_rank(+0.005) | vol_21d(+0.003)
MKC,95,2026-07-31,beta_hedged,0.4975354618005629,0.5252525252525253,3,0.0,50.900001525878906,180268203.0,vol_63d(-0.009) | vol_21d(+0.003) | close_vs_sma200(-0.003)
AOS,96,2026-07-31,beta_hedged,0.4972953880405182,0.5202020202020202,3,0.0,60.130001068115234,104356659.0,vol_63d(-0.008) | vol_21d(+0.004) | vol_10d(+0.003)
CRM,97,2026-07-31,beta_hedged,0.4972622176492207,0.5151515151515151,3,0.0,184.02000427246094,2141578475.0,ret_5d(-0.007) | vol_63d(+0.006) | close_vs_sma200(-0.005)
GRMN,98,2026-07-31,beta_hedged,0.49715660887632657,0.51010101010101,3,0.0,293.7799987792969,272908543.0,ret_5d(-0.009) | ret_21d_rank(-0.007) | close_vs_sma200(+0.005)
SNPS,99,2026-07-31,beta_hedged,0.49671638183496764,0.5050505050505051,3,0.0,388.760009765625,771196788.0,vol_21d(-0.008) | vol_63d(-0.004) | bb_width(+0.004)
ADBE,100,2026-07-31,beta_hedged,0.4966324530789392,0.5,3,0.0,250.41000366210938,1342932121.0,ret_5d(-0.008) | vol_63d(+0.007) | close_vs_sma200(-0.005)
DHR,101,2026-07-31,beta_hedged,0.4963288454395743,0.494949494949495,3,0.0,194.97999572753906,1246294067.0,vol_63d(-0.007) | vol_21d(-0.006) | vol_10d(+0.005)
TMO,102,2026-07-31,beta_hedged,0.49546745069630954,0.4898989898989899,3,0.0,574.2999877929688,1225539556.0,vol_63d(-0.009) | vol_21d(-0.007) | close_vs_sma50(+0.004)
NUE,103,2026-07-31,beta_hedged,0.4954668286763051,0.48484848484848486,3,0.0,257.2900085449219,317768710.0,ret_21d_rank(-0.009) | vol_63d(-0.008) | close_vs_sma200(+0.006)
BSX,104,2026-07-31,beta_hedged,0.49539011501881264,0.4797979797979798,3,0.0,46.72999954223633,865588827.0,vol_63d_rank(+0.007) | vol_63d(-0.004) | ret_21d(-0.002)
CEG,105,2026-07-31,beta_hedged,0.49529828829416855,0.47474747474747475,3,0.0,262.75,737456289.0,vol_63d(+0.005) | vol_21d(-0.004) | ret_63d_rank(-0.004)
GEHC,106,2026-07-31,beta_hedged,0.4951870068566764,0.4696969696969697,3,0.0,68.0199966430664,390627990.0,ret_5d(-0.007) | vol_10d(+0.005) | vol_63d(-0.005)
CTSH,107,2026-07-31,beta_hedged,0.4948651220942497,0.46464646464646464,3,0.0,55.349998474121094,441420449.0,ret_5d(-0.018) | vol_63d(+0.015) | vol_63d_rank(+0.004)
WAB,108,2026-07-31,beta_hedged,0.4945919351923842,0.4595959595959596,3,0.0,290.8599853515625,291373997.0,vol_63d(-0.008) | vol_21d(-0.008) | close_vs_sma200(+0.006)
UPS,109,2026-07-31,beta_hedged,0.4944109431225239,0.45454545454545453,3,0.0,104.22000122070312,567621634.0,vol_21d(-0.007) | vol_63d(-0.006) | vol_63d_rank(+0.003)
UBER,110,2026-07-31,beta_hedged,0.49399674890128425,0.4494949494949495,3,0.0,70.36000061035156,1150968704.0,vol_63d_rank(+0.005) | vol_63d(-0.004) | close_vs_sma200(-0.004)
TSCO,111,2026-07-31,beta_hedged,0.4939904986553448,0.4444444444444444,3,0.0,30.770000457763672,305648680.0,vol_63d(-0.007) | vol_63d_rank(+0.005) | close_vs_sma200(-0.003)
CDNS,112,2026-07-31,beta_hedged,0.493962192340373,0.4393939393939394,3,0.0,340.0199890136719,820676665.0,vol_21d(-0.006) | ret_63d(-0.004) | mkt_dispersion(+0.003)
SYK,113,2026-07-31,beta_hedged,0.4935345873597605,0.43434343434343436,3,0.0,325.70001220703125,778494794.0,vol_21d(-0.007) | vol_63d_rank(+0.004) | vol_63d(-0.003)
FFIV,114,2026-07-31,beta_hedged,0.4932976750297688,0.4292929292929293,3,0.0,402.57000732421875,325694736.0,vol_21d(-0.008) | vol_63d_rank(+0.006) | vol_63d(-0.005)
HSY,115,2026-07-31,beta_hedged,0.49309162147266267,0.42424242424242425,3,0.0,175.0500030517578,329304203.0,vol_63d(-0.007) | close_vs_sma200(-0.004) | vol_21d(+0.002)
AAPL,116,2026-07-31,beta_hedged,0.49300270234832855,0.41919191919191917,3,0.0,308.9100036621094,16504328940.0,vol_63d(-0.010) | vol_21d(-0.008) | ret_63d(+0.002)
MSFT,117,2026-07-31,beta_hedged,0.49296853267151713,0.41414141414141414,3,0.0,464.7200012207031,14113503026.0,ret_5d(-0.013) | ret_10d(-0.005) | vol_63d(+0.005)
SWKS,118,2026-07-31,beta_hedged,0.49264920144573926,0.4090909090909091,3,0.0,62.279998779296875,360377383.0,vol_63d(+0.012) | vol_21d(-0.005) | mkt_dispersion(+0.005)
PPG,119,2026-07-31,beta_hedged,0.49246070054368735,0.40404040404040403,3,0.0,110.5199966430664,238305677.0,vol_21d(-0.009) | vol_63d(-0.007) | vol_63d_rank(+0.002)
ABBV,120,2026-07-31,beta_hedged,0.49243146854811576,0.398989898989899,2,0.0,250.94000244140625,1486890446.0,vol_63d(-0.011) | vol_63d_rank(-0.003) | vol_21d(+0.002)
PNR,121,2026-07-31,beta_hedged,0.49231189043121965,0.3939393939393939,2,0.0,65.44000244140625,240252485.0,vol_21d(-0.005) | vol_21d_rank(-0.003) | ret_63d_rank(-0.002)
PHM,122,2026-07-31,beta_hedged,0.4921544514826303,0.3888888888888889,2,0.0,126.47000122070312,233700173.0,vol_21d(-0.009) | vol_63d(-0.007) | vol_63d_rank(+0.004)
ORCL,123,2026-07-31,beta_hedged,0.49204872947335,0.3838383838383838,2,0.0,129.8699951171875,5048053624.0,ret_5d(-0.016) | vol_63d(+0.009) | mkt_dispersion(+0.005)
ABT,124,2026-07-31,beta_hedged,0.49177248420680675,0.3787878787878788,2,0.0,105.69999694824219,1241281375.0,vol_63d(-0.010) | vol_21d(-0.006) | close_vs_sma50(+0.005)
NEM,125,2026-07-31,beta_hedged,0.4913827649504304,0.37373737373737376,2,0.0,93.70999908447266,682928754.0,vol_21d(-0.006) | vol_63d(+0.004) | ret_63d_rank(-0.003)
IR,126,2026-07-31,beta_hedged,0.4913597448696869,0.3686868686868687,2,0.0,83.37999725341797,334692797.0,vol_63d(-0.008) | vol_21d(-0.008) | vol_63d_rank(+0.003)
JBHT,127,2026-07-31,beta_hedged,0.49108010947527214,0.36363636363636365,2,0.0,271.75,312975434.0,vol_63d(-0.008) | vol_21d(-0.007) | close_vs_sma200(+0.004)
EQIX,128,2026-07-31,beta_hedged,0.49080034234928444,0.35858585858585856,2,0.0,1019.280029296875,656609321.0,vol_63d(-0.009) | vol_21d(-0.008) | close_vs_sma200(+0.004)
LIN,129,2026-07-31,beta_hedged,0.4906795622659277,0.35353535353535354,2,0.0,478.3800048828125,1003730082.0,vol_63d(-0.010) | vol_63d_rank(-0.008) | ret_21d_rank(+0.008)
DVN,130,2026-07-31,beta_hedged,0.49057846091607127,0.3484848484848485,2,0.0,45.130001068115234,482045378.0,vol_63d_rank(+0.005) | vol_63d(-0.004) | vol_21d(-0.003)
ACN,131,2026-07-31,beta_hedged,0.49049569297771883,0.3434343434343434,2,0.0,165.9199981689453,1201620922.0,vol_63d(+0.016) | ret_5d(-0.012) | vol_10d(+0.007)
COO,132,2026-07-31,beta_hedged,0.49046122479442106,0.3383838383838384,2,0.0,72.31999969482422,147313900.0,vol_63d(-0.010) | close_vs_sma200(-0.005) | amihud(+0.003)
VRTX,133,2026-07-31,beta_hedged,0.49045659760203514,0.3333333333333333,2,0.0,477.1000061035156,736877080.0,vol_63d(-0.012) | vol_63d_rank(-0.004) | vol_mom(+0.002)
KMB,134,2026-07-31,beta_hedged,0.4900111702785465,0.3282828282828283,2,0.0,109.30999755859375,387560681.0,vol_63d(-0.011) | vol_63d_rank(-0.003) | vol_21d(+0.002)
EXPD,135,2026-07-31,beta_hedged,0.48997077023885693,0.32323232323232326,2,0.0,167.88999938964844,206188085.0,vol_63d(-0.012) | vol_63d_rank(-0.004) | vol_21d(+0.002)
BLDR,136,2026-07-31,beta_hedged,0.48960526363188417,0.3181818181818182,2,0.0,66.44000244140625,164861364.0,vol_63d(+0.013) | vol_21d(-0.007) | amihud(-0.007)
COP,137,2026-07-31,beta_hedged,0.4894905372940214,0.31313131313131315,2,0.0,120.4800033569336,714269048.0,vol_63d(-0.008) | sharpe_mom_21(-0.004) | ret_21d_rank(-0.003)
PTC,138,2026-07-31,beta_hedged,0.4892457307120967,0.30808080808080807,2,0.0,137.1999969482422,203074062.0,ret_5d(-0.010) | vol_63d(+0.008) | vol_21d(-0.007)
ALLE,139,2026-07-31,beta_hedged,0.4890855404626325,0.30303030303030304,2,0.0,157.39999389648438,210859467.0,vol_63d(-0.009) | vol_21d(-0.007) | ret_10d(-0.004)
MRK,140,2026-07-31,beta_hedged,0.4890533605145637,0.29797979797979796,2,0.0,130.1999969482422,1080437636.0,vol_63d(-0.011) | vol_63d_rank(-0.004) | close_vs_sma200(+0.004)
APD,141,2026-07-31,beta_hedged,0.48871059556562013,0.29292929292929293,2,0.0,294.8900146484375,344531955.0,vol_63d(-0.011) | vol_63d_rank(-0.003) | vol_21d(+0.002)
SLB,142,2026-07-31,beta_hedged,0.4885493031619706,0.2878787878787879,2,0.0,49.59000015258789,595397578.0,vol_21d(-0.007) | vol_63d(-0.005) | vol_63d_rank(+0.004)
SHW,143,2026-07-31,beta_hedged,0.4885483024263276,0.2828282828282828,2,0.0,340.8500061035156,707063896.0,vol_21d(-0.008) | vol_63d(-0.006) | vol_63d_rank(+0.002)
MMM,144,2026-07-31,beta_hedged,0.48768853578156923,0.2777777777777778,2,0.0,176.27999877929688,630966662.0,vol_63d(-0.013) | vol_63d_rank(-0.005) | close_vs_sma50(+0.004)
CPRT,145,2026-07-31,beta_hedged,0.4875105083020344,0.2727272727272727,2,0.0,29.1200008392334,357203043.0,vol_21d(-0.009) | vol_63d(-0.007) | vol_63d_rank(+0.003)
VRSN,146,2026-07-31,beta_hedged,0.4868821301517614,0.2676767676767677,2,0.0,290.0199890136719,229667301.0,vol_21d(-0.008) | vol_63d(-0.008) | vol_63d_rank(+0.003)
RMD,147,2026-07-31,beta_hedged,0.4866338348018319,0.26262626262626265,2,0.0,210.97999572753906,287433690.0,vol_21d(-0.010) | vol_63d(-0.005) | vol_63d_rank(+0.004)
HD,148,2026-07-31,beta_hedged,0.4865702473887539,0.25757575757575757,2,0.0,331.9599914550781,1292674505.0,vol_63d(-0.011) | close_vs_sma200(-0.003) | vol_63d_rank(-0.002)
CTVA,149,2026-07-31,beta_hedged,0.4865368585654762,0.25252525252525254,2,0.0,78.70999908447266,295940865.0,vol_63d(-0.009) | vol_21d(-0.008) | vol_10d(+0.004)
ROP,150,2026-07-31,beta_hedged,0.4860614923009312,0.2474747474747475,2,0.0,391.9700012207031,336777242.0,vol_21d(-0.009) | vol_63d(-0.008) | close_vs_sma50(+0.004)
MPWR,151,2026-07-31,beta_hedged,0.4858727160569125,0.24242424242424243,2,0.0,1426.030029296875,1218669165.0,vol_63d(+0.006) | mkt_breadth(-0.006) | vol_10d(+0.005)
CTAS,152,2026-07-31,beta_hedged,0.48587049478989996,0.23737373737373738,2,0.0,204.6300048828125,522795506.0,vol_63d(-0.011) | vol_21d(-0.007) | close_vs_sma50(+0.006)
ROL,153,2026-07-31,beta_hedged,0.4855994551073915,0.23232323232323232,2,0.0,37.970001220703125,258177100.0,vol_21d(-0.009) | vol_63d(-0.009) | ret_63d(-0.006)
REGN,154,2026-07-31,beta_hedged,0.48484483633110126,0.22727272727272727,2,0.0,762.6300048828125,547830759.0,ret_5d(-0.008) | close_vs_sma50(+0.006) | vol_21d(-0.006)
GOOGL,155,2026-07-31,beta_hedged,0.48456412776140173,0.2222222222222222,2,0.0,356.1300048828125,9981461081.0,vol_21d(-0.010) | vol_63d(-0.005) | vol_63d_rank(+0.003)
ULTA,156,2026-07-31,beta_hedged,0.48448194985629783,0.21717171717171718,2,0.0,512.8300170898438,279737652.0,vol_21d(-0.009) | vol_63d(-0.006) | close_vs_sma200(-0.004)
CSX,157,2026-07-31,beta_hedged,0.4839539157177302,0.21212121212121213,2,0.0,50.400001525878906,685501745.0,vol_63d_rank(-0.014) | vol_63d(-0.012) | close_vs_sma200(+0.005)
DOV,158,2026-07-31,beta_hedged,0.48392628394510506,0.20707070707070707,2,0.0,204.6199951171875,267290815.0,vol_63d(-0.009) | vol_21d(-0.008) | vol_63d_rank(-0.003)
XYL,159,2026-07-31,beta_hedged,0.4838304721114479,0.20202020202020202,2,0.0,116.97000122070312,246999989.0,vol_63d(-0.012) | vol_63d_rank(-0.008) | close_vs_sma200(-0.002)
EW,160,2026-07-31,beta_hedged,0.4837320569781991,0.19696969696969696,1,0.0,86.06999969482422,453864132.0,vol_63d(-0.013) | vol_63d_rank(-0.011) | ret_21d_rank(+0.006)
AVB,161,2026-07-31,beta_hedged,0.4835181726678061,0.1919191919191919,1,0.0,185.61000061035156,154065266.0,vol_63d_rank(-0.011) | vol_63d(-0.003) | vol_21d(+0.002)
ADSK,162,2026-07-31,beta_hedged,0.4834894050427887,0.18686868686868688,1,0.0,234.1999969482422,488829930.0,ret_5d(-0.006) | vol_21d(-0.006) | close_vs_sma200(-0.005)
BKR,163,2026-07-31,beta_hedged,0.48293236415905777,0.18181818181818182,1,0.0,60.4900016784668,594345846.0,vol_21d(-0.008) | vol_63d(-0.007) | vol_63d_rank(+0.004)
ORLY,164,2026-07-31,beta_hedged,0.48287737727684465,0.17676767676767677,1,0.0,89.3499984741211,798967934.0,vol_21d(-0.008) | vol_63d(-0.007) | close_vs_sma200(-0.003)
CPT,165,2026-07-31,beta_hedged,0.4821823511123388,0.1717171717171717,1,0.0,110.80999755859375,108551264.0,vol_63d_rank(-0.011) | vol_63d(-0.003) | vol_21d(+0.002)
WELL,166,2026-07-31,beta_hedged,0.4819203408582399,0.16666666666666666,1,0.0,234.44000244140625,677538930.0,vol_63d(-0.014) | vol_63d_rank(-0.008) | vol_21d(+0.002)
MDT,167,2026-07-31,beta_hedged,0.48190204636267026,0.16161616161616163,1,0.0,85.38999938964844,635580099.0,vol_63d(-0.010) | close_vs_sma200(-0.003) | vol_63d_rank(-0.002)
IEX,168,2026-07-31,beta_hedged,0.4815169476499375,0.15656565656565657,1,0.0,230.4499969482422,201626958.0,vol_63d_rank(-0.014) | vol_63d(-0.013) | close_vs_sma200(+0.006)
MAA,169,2026-07-31,beta_hedged,0.48150056365382343,0.15151515151515152,1,0.0,132.33999633789062,150176900.0,vol_63d_rank(-0.011) | vol_63d(-0.003) | close_vs_sma200(-0.002)
MCK,170,2026-07-31,beta_hedged,0.4813737114171121,0.14646464646464646,1,0.0,856.1900024414062,795795057.0,vol_63d(-0.011) | vol_21d(-0.008) | ret_21d(-0.001)
STE,171,2026-07-31,beta_hedged,0.48114660760681804,0.1414141414141414,1,0.0,228.39999389648438,156977434.0,vol_21d(-0.011) | vol_63d(-0.007) | close_vs_sma200(-0.002)
XOM,172,2026-07-31,beta_hedged,0.4800005450551654,0.13636363636363635,1,0.0,155.44000244140625,2134567262.0,vol_63d(-0.011) | sharpe_mom_21(-0.004) | vol_63d_rank(-0.003)
AVY,173,2026-07-31,beta_hedged,0.479869136064703,0.13131313131313133,1,0.0,169.72999572753906,130777186.0,vol_21d(-0.010) | vol_63d(-0.007) | vol_63d_rank(-0.002)
TRMB,174,2026-07-31,beta_hedged,0.4780444054452639,0.12626262626262627,1,0.0,56.58000183105469,138657124.0,vol_21d(-0.011) | vol_63d(-0.006) | vol_63d_rank(+0.004)
JBL,175,2026-07-31,beta_hedged,0.47784828457474937,0.12121212121212122,1,0.0,315.04998779296875,351977320.0,vol_63d(+0.006) | ret_63d(-0.005) | sharpe_mom_63(-0.004)
GILD,176,2026-07-31,beta_hedged,0.4765845704974349,0.11616161616161616,1,0.0,130.2100067138672,882492347.0,vol_63d(-0.011) | vol_21d(-0.006) | vol_63d_rank(-0.003)
WY,177,2026-07-31,beta_hedged,0.47540443900381096,0.1111111111111111,1,0.0,25.030000686645508,113149941.0,vol_21d(-0.010) | vol_63d(-0.008) | vol_63d_rank(-0.003)
UNP,178,2026-07-31,beta_hedged,0.47500588390570614,0.10606060606060606,1,0.0,292.1300048828125,911826024.0,vol_63d(-0.015) | vol_63d_rank(-0.015) | close_vs_sma200(+0.006)
LH,179,2026-07-31,beta_hedged,0.47346620300479353,0.10101010101010101,1,0.0,309.20001220703125,246862913.0,vol_63d(-0.018) | vol_63d_rank(-0.017) | close_vs_sma50(+0.004)
JNJ,180,2026-07-31,beta_hedged,0.471812722148591,0.09595959595959595,1,0.0,256.3500061035156,2070272337.0,vol_63d(-0.015) | vol_63d_rank(-0.015) | mkt_dispersion(-0.003)
ITW,181,2026-07-31,beta_hedged,0.471180507770455,0.09090909090909091,1,0.0,286.95001220703125,416237974.0,vol_63d_rank(-0.016) | vol_63d(-0.014) | mkt_dispersion(-0.004)
ECL,182,2026-07-31,beta_hedged,0.47027514383335084,0.08585858585858586,1,0.0,277.6300048828125,317467346.0,vol_63d_rank(-0.016) | vol_63d(-0.014) | mkt_dispersion(-0.003)
VLTO,183,2026-07-31,beta_hedged,0.4701734376109346,0.08080808080808081,1,0.0,94.16999816894531,172527271.0,vol_63d_rank(-0.018) | vol_63d(-0.015) | amihud(+0.003)
CAH,184,2026-07-31,beta_hedged,0.47015192612228346,0.07575757575757576,1,0.0,230.02999877929688,526582002.0,vol_63d_rank(-0.015) | vol_63d(-0.014) | mkt_dispersion(-0.003)
ADM,185,2026-07-31,beta_hedged,0.4699561074583285,0.0707070707070707,1,0.0,79.2699966430664,271175890.0,vol_63d(-0.016) | vol_63d_rank(-0.015) | ret_21d_rank(-0.002)
KVUE,186,2026-07-31,beta_hedged,0.46991321119640855,0.06565656565656566,1,0.0,19.239999771118164,354157083.0,vol_63d_rank(-0.016) | vol_63d(-0.014) | mkt_dispersion(-0.003)
NSC,187,2026-07-31,beta_hedged,0.46943071085447574,0.06060606060606061,1,0.0,335.4800109863281,372058794.0,vol_63d_rank(-0.016) | vol_63d(-0.015) | mkt_dispersion(-0.003)
WM,188,2026-07-31,beta_hedged,0.46838495909349387,0.05555555555555555,1,0.0,226.5500030517578,423033681.0,vol_63d(-0.015) | vol_63d_rank(-0.015) | mkt_dispersion(-0.003)
MDLZ,189,2026-07-31,beta_hedged,0.466884457078349,0.050505050505050504,1,0.0,62.310001373291016,589178386.0,vol_63d(-0.014) | vol_63d_rank(-0.014) | mkt_dispersion(-0.003)
CL,190,2026-07-31,beta_hedged,0.4654414544639723,0.045454545454545456,1,0.0,91.30000305175781,407064070.0,vol_63d(-0.017) | vol_63d_rank(-0.016) | mkt_dispersion(-0.003)
CHD,191,2026-07-31,beta_hedged,0.4648600050932122,0.04040404040404041,1,0.0,98.80999755859375,169298735.0,vol_63d_rank(-0.017) | vol_63d(-0.015) | mkt_dispersion(-0.002)
RSG,192,2026-07-31,beta_hedged,0.46479002292841964,0.03535353535353535,1,0.0,210.5500030517578,290413120.0,vol_63d_rank(-0.015) | vol_63d(-0.014) | close_vs_sma200(-0.003)
PG,193,2026-07-31,beta_hedged,0.4619811515240748,0.030303030303030304,1,0.0,144.49000549316406,1279489424.0,vol_63d_rank(-0.015) | vol_63d(-0.015) | mkt_dispersion(-0.003)
FAST,194,2026-07-31,beta_hedged,0.46096318689061294,0.025252525252525252,1,0.0,47.709999084472656,415003469.0,vol_63d_rank(-0.017) | vol_63d(-0.015) | mkt_dispersion(-0.004)
PEP,195,2026-07-31,beta_hedged,0.46009785423225935,0.020202020202020204,1,0.0,139.55999755859375,1259838076.0,vol_63d(-0.015) | vol_63d_rank(-0.015) | close_vs_sma200(-0.003)
OTIS,196,2026-07-31,beta_hedged,0.4584853181607087,0.015151515151515152,1,0.0,71.94999694824219,286459079.0,vol_63d_rank(-0.017) | vol_63d(-0.016) | mkt_dispersion(-0.003)
TJX,197,2026-07-31,beta_hedged,0.45846769557477235,0.010101010101010102,1,0.0,157.33999633789062,767063518.0,vol_63d_rank(-0.016) | vol_63d(-0.016) | mkt_dispersion(-0.003)
PLD,198,2026-07-31,beta_hedged,0.4583635379531051,0.005050505050505051,1,0.0,144.61000061035156,632386434.0,vol_63d_rank(-0.017) | vol_63d(-0.016) | mkt_dispersion(-0.003)
